mistralai_Mistral-7B-Instruct-v0.3_disguised-Qwen_Qwen2.5-VL-7B-Instruct_responses-500,Qwen/Qwen2.5-VL-7B-Instruct,random_sample_5_Name,disguise_as,method,model,ALL CAPS,Blockquotes,Bullets,Code Formatting,Emojis,Exclamations,First-Person Pronouns,Greeting (Start),Header/Title,Links,List,Long Sentences,Markdown,Math Symbols,Numbered Steps,Parentheses,Questions,Repetition,Sign-off (End),Starts with List,average_disguised_response_token_length,average_distance_disguise_target,average_distance_source_target,diff_avg_embedding_distance,heuristic_avg_score,heuristic_avg_score_source_target,heuristic_diff,heuristic_diff_normalized,length_diff,source_target_ALL CAPS,source_target_Blockquotes,source_target_Bullets,source_target_Code Formatting,source_target_Emojis,source_target_Exclamations,source_target_First-Person Pronouns,source_target_Greeting (Start),source_target_Header/Title,source_target_Links,source_target_List,source_target_Long Sentences,source_target_Markdown,source_target_Math Symbols,source_target_Numbered Steps,source_target_Parentheses,source_target_Questions,source_target_Repetition,source_target_Sign-off (End),source_target_Starts with List,heuristic_diff_max,max_heuristic_diff_name
Qwen_Qwen2.5-VL-7B-Instruct_disguised-Qwen_Qwen2.5-VL-7B-Instruct_responses-500,Qwen/Qwen2.5-VL-7B-Instruct,random_sample_5_examples,Qwen/Qwen2.5-VL-7B-Instruct,0.842,1.0,0.786,0.976,0.998,0.862,0.77,0.984,0.842,0.992,0.696,0.7,0.734,0.778,0.896,0.786,0.924,0.968,1.0,0.98,280.982,0.5728749376285552,0.0006594640169473,-0.9977003506152192,0.8756999999999999,1.0,-0.1243,-0.1243,-0.2368731094339451,1.0,1.0,1.0,1.0,1.0,1.0,1.0,1.0,1.0,1.0,1.0,1.0,1.0,1.0,1.0,1.0,1.0,1.0,1.0,1.0,0.0,Blockquotes
meta-llama_Llama-3.1-8B-Instruct_disguised-Qwen_Qwen2.5-VL-7B-Instruct_responses-500,Qwen/Qwen2.5-VL-7B-Instruct,random_sample_5_examples,meta-llama/Llama-3.1-8B-Instruct,0.794,1.0,0.764,0.972,0.994,0.852,0.688,0.982,0.78,0.996,0.646,0.674,0.706,0.774,0.87,0.742,0.866,0.936,1.0,0.948,411.646,0.662856583123905,0.6363092407765322,-0.0204341446326465,0.8492000000000001,0.8528000000000002,-0.0036000000000001,-0.00422138836773,0.0450839503588807,0.772,1.0,0.732,0.976,1.0,0.81,0.686,0.978,0.824,0.998,0.73,0.768,0.724,0.824,0.822,0.706,0.84,0.952,1.0,0.914,0.05839415987355042,Numbered Steps
microsoft_Phi-4-mini-instruct_disguised-Qwen_Qwen2.5-VL-7B-Instruct_responses-500,Qwen/Qwen2.5-VL-7B-Instruct,random_sample_5_examples,microsoft/Phi-4-mini-instruct,0.784,1.0,0.75,0.972,0.998,0.836,0.712,0.98,0.814,0.994,0.666,0.68,0.702,0.782,0.854,0.732,0.912,0.944,1.0,0.964,267.148,0.6560847334948542,0.6136435315857776,-0.0334254210733676,0.8538,0.8829,-0.0291,-0.0329595650696568,-0.2669707340415398,0.82,1.0,0.78,0.988,1.0,0.888,0.736,0.982,0.834,0.996,0.808,0.762,0.796,0.814,0.848,0.774,0.924,0.954,0.998,0.956,0.008368200749286611,Starts with List
examples,mistralai/Mistral-7B-Instruct-v0.3,0.8,0.998,0.734,0.978,0.998,0.838,0.708,0.982,0.806,0.996,0.626,0.682,0.652,0.754,0.814,0.708,0.904,0.956,1.0,0.958,270.054,0.6669132488976963,0.6228077342445455,-0.034197718134114,0.8446,0.8489999999999999,-0.0043999999999998,-0.0051825677267371,-0.1469604786456573,0.818,0.998,0.756,0.98,0.998,0.854,0.726,0.988,0.808,0.982,0.706,0.74,0.624,0.744,0.69,0.744,0.92,0.96,0.996,0.948,0.17971014232304142,Numbered Steps
OpenGVLab_InternVL3-8B_disguised-Qwen_Qwen2.5-VL-7B-Instruct_responses-500,Qwen/Qwen2.5-VL-7B-Instruct,random_sample_5_examples,OpenGVLab/InternVL3-8B,0.83,1.0,0.734,0.978,0.992,0.778,0.75,0.974,0.81,0.994,0.768,0.758,0.772,0.826,0.898,0.774,0.914,0.964,0.996,0.978,439.41,0.5903111596826877,0.5787816248314589,-0.0098619502266624,0.8744,0.8843,-0.0099,-0.0111952957141241,0.0659317797216478,0.816,1.0,0.748,0.982,0.998,0.822,0.768,0.994,0.846,0.994,0.806,0.786,0.796,0.832,0.882,0.784,0.916,0.956,0.988,0.972,0.018140589363485397,Numbered Steps
Qwen_Qwen2.5-VL-7B-Instruct_disguised-meta-llama_Llama-3.1-8B-Instruct_responses-500,meta-llama/Llama-3.1-8B-Instruct,random_sample_5_examples,Qwen/Qwen2.5-VL-7B-Instruct,0.776,1.0,0.766,0.976,1.0,0.824,0.678,0.98,0.908,0.994,0.69,0.672,0.72,0.78,0.896,0.688,0.856,0.936,1.0,0.898,300.844,0.6500492216549207,0.6363170544765648,-0.0106751610588338,0.8519,0.8528000000000002,-0.0009000000000002,-0.0010553470919327,-0.2196635855907993,0.772,1.0,0.732,0.976,1.0,0.81,0.686,0.978,0.824,0.998,0.73,0.768,0.724,0.824,0.822,0.706,0.84,0.952,1.0,0.914,0.10194174633565851,Header/Title
meta-llama_Llama-3.1-8B-Instruct_disguised-meta-llama_Llama-3.1-8B-Instruct_responses-500,meta-llama/Llama-3.1-8B-Instruct,random_sample_5_examples,meta-llama/Llama-3.1-8B-Instruct,0.8,1.0,0.786,0.964,1.0,0.89,0.72,0.99,0.922,0.996,0.74,0.704,0.746,0.818,0.892,0.746,0.826,0.946,1.0,0.904,399.456,0.6207088100512165,0.000689046119836,-0.9977822706885991,0.8694999999999998,1.0,-0.1305000000000001,-0.1305000000000001,0.0838232457072684,1.0,1.0,1.0,1.0,1.0,1.0,1.0,1.0,1.0,1.0,1.0,1.0,1.0,1.0,1.0,1.0,1.0,1.0,1.0,1.0,0.0,Blockquotes
microsoft_Phi-4-mini-instruct_disguised-meta-llama_Llama-3.1-8B-Instruct_responses-500,meta-llama/Llama-3.1-8B-Instruct,random_sample_5_examples,microsoft/Phi-4-mini-instruct,0.786,1.0,0.766,0.978,1.0,0.784,0.7,0.978,0.962,0.994,0.664,0.708,0.678,0.73,0.862,0.724,0.85,0.94,0.998,0.866,280.16,0.6815463816310605,0.6427626333394848,-0.0292860260355762,0.8484,0.8619000000000001,-0.0135,-0.0156630699617125,-0.2725579389105414,0.788,1.0,0.728,0.98,1.0,0.802,0.67,0.98,0.93,0.994,0.75,0.79,0.752,0.806,0.854,0.744,0.836,0.946,0.998,0.89,0.05219780148079947,Bullets
mistralai_Mistral-7B-Instruct-v0.3_disguised-meta-llama_Llama-3.1-8B-Instruct_responses-500,meta-llama/Llama-3.1-8B-Instruct,random_sample_5_examples,mistralai/Mistral-7B-Instruct-v0.3,0.742,1.0,0.746,0.954,0.992,0.804,0.676,0.978,0.944,0.986,0.62,0.68,0.642,0.716,0.83,0.67,0.846,0.954,1.0,0.89,276.0,0.6793020344869543,0.6508603051972038,-0.0213821489612341,0.8335000000000001,0.8371999999999999,-0.0036999999999998,-0.0044194935499281,-0.1508477294324824,0.81,0.998,0.768,0.968,0.998,0.776,0.676,0.982,0.956,0.98,0.684,0.744,0.552,0.756,0.684,0.706,0.852,0.968,0.996,0.89,0.21345028927704238,Numbered Steps
OpenGVLab_InternVL3-8B_disguised-meta-llama_Llama-3.1-8B-Instruct_responses-500,meta-llama/Llama-3.1-8B-Instruct,random_sample_5_examples,OpenGVLab/InternVL3-8B,0.804,1.0,0.678,0.968,0.99,0.736,0.694,0.958,0.776,0.994,0.726,0.81,0.762,0.846,0.892,0.716,0.844,0.968,1.0,0.9,443.446,0.6203963904526922,0.6126569970799279,-0.0062766084996944,0.8530999999999999,0.8643000000000001,-0.0112000000000002,-0.0129584634964713,0.1194046779814387,0.792,1.0,0.72,0.974,0.998,0.728,0.702,0.984,0.794,0.992,0.796,0.806,0.804,0.852,0.88,0.766,0.852,0.956,0.988,0.902,0.015151514960208156,ALL CAPS
Qwen_Qwen2.5-VL-7B-Instruct_disguised-microsoft_Phi-4-mini-instruct_responses-500,microsoft/Phi-4-mini-instruct,random_sample_5_examples,Qwen/Qwen2.5-VL-7B-Instruct,0.834,1.0,0.854,0.988,0.996,0.842,0.786,0.98,0.93,0.992,0.766,0.67,0.764,0.782,0.902,0.748,0.93,0.932,0.998,0.966,278.4,0.6080212209339871,0.6136529037173996,0.0046098076973018,0.8830000000000002,0.8829,0.0001000000000002,0.0001132631102052,-0.0996592423037301,0.82,1.0,0.78,0.988,1.0,0.888,0.736,0.982,0.834,0.996,0.808,0.762,0.796,0.814,0.848,0.774,0.924,0.954,0.998,0.956,0.11510791228887406,Header/Title
meta-llama_Llama-3.1-8B-Instruct_disguised-microsoft_Phi-4-mini-instruct_responses-500,microsoft/Phi-4-mini-instruct,random_sample_5_examples,meta-llama/Llama-3.1-8B-Instruct,0.832,0.998,0.82,0.978,1.0,0.83,0.69,0.978,0.894,0.996,0.726,0.726,0.744,0.792,0.868,0.758,0.904,0.928,0.998,0.91,377.206,0.6554936067784515,0.6427793475450396,-0.0097932096567759,0.8685,0.8619000000000001,0.0065999999999999,0.0076575008701704,0.1567593364013469,0.788,1.0,0.728,0.98,1.0,0.802,0.67,0.98,0.93,0.994,0.75,0.79,0.752,0.806,0.854,0.744,0.836,0.946,0.998,0.89,0.1263736246377249,Bullets
microsoft_Phi-4-mini-instruct_disguised-microsoft_Phi-4-mini-instruct_responses-500,microsoft/Phi-4-mini-instruct,random_sample_5_examples,microsoft/Phi-4-mini-instruct,0.804,1.0,0.852,0.98,0.998,0.878,0.788,0.984,0.948,0.996,0.758,0.7,0.756,0.778,0.878,0.76,0.938,0.934,0.996,0.952,240.468,0.5789703248457956,0.0010532227634577,-0.9963683448101416,0.8838999999999999,1.0,-0.1161,-0.1161,-0.1537281128813599,1.0,1.0,1.0,1.0,1.0,1.0,1.0,1.0,1.0,1.0,1.0,1.0,1.0,1.0,1.0,1.0,1.0,1.0,1.0,1.0,0.0,Blockquotes
mistralai_Mistral-7B-Instruct-v0.3_disguised-microsoft_Phi-4-mini-instruct_responses-500,microsoft/Phi-4-mini-instruct,random_sample_5_examples,mistralai/Mistral-7B-Instruct-v0.3,0.776,1.0,0.834,0.974,0.998,0.792,0.704,0.976,0.938,0.984,0.73,0.658,0.704,0.752,0.85,0.724,0.924,0.942,0.996,0.926,233.758,0.6626318446398327,0.6345023380178998,-0.021685888012216,0.8591,0.8655000000000002,-0.0064000000000001,-0.0073945696129407,-0.0470555089690286,0.806,0.998,0.844,0.98,0.998,0.834,0.73,0.982,0.934,0.982,0.786,0.714,0.668,0.754,0.734,0.77,0.916,0.95,0.994,0.936,0.1580381449858563,Numbered Steps
OpenGVLab_InternVL3-8B_disguised-microsoft_Phi-4-mini-instruct_responses-500,microsoft/Phi-4-mini-instruct,random_sample_5_examples,OpenGVLab/InternVL3-8B,0.816,1.0,0.774,0.98,0.994,0.768,0.744,0.968,0.846,0.996,0.782,0.794,0.764,0.792,0.888,0.776,0.904,0.952,0.998,0.952,406.042,0.5966160195277072,0.5903292605308276,-0.0052965870478625,0.8744,0.8821999999999999,-0.0077999999999999,-0.0088415325323055,0.2013788344068964,0.828,1.0,0.772,0.982,0.998,0.806,0.788,0.98,0.796,0.99,0.782,0.812,0.784,0.822,0.89,0.786,0.936,0.95,0.986,0.956,0.06281406956263723,Header/Title
Qwen_Qwen2.5-VL-7B-Instruct_disguised-mistralai_Mistral-7B-Instruct-v0.3_responses-500,mistralai/Mistral-7B-Instruct-v0.3,random_sample_5_examples,Qwen/Qwen2.5-VL-7B-Instruct,0.844,0.998,0.934,0.982,0.998,0.856,0.718,0.996,0.938,0.984,0.81,0.674,0.758,0.706,0.708,0.748,0.926,0.954,0.996,0.946,300.836,0.6294629917447739,0.6228502967387298,-0.0052803839637059,0.8737000000000001,0.8489999999999999,0.0247000000000002,0.0290930506478212,-0.0240787755518921,0.818,0.998,0.756,0.98,0.998,0.854,0.726,0.988,0.808,0.982,0.706,0.74,0.624,0.744,0.69,0.744,0.92,0.96,0.996,0.948,0.23544973233532104,Bullets
meta-llama_Llama-3.1-8B-Instruct_disguised-mistralai_Mistral-7B-Instruct-v0.3_responses-500,mistralai/Mistral-7B-Instruct-v0.3,random_sample_5_examples,meta-llama/Llama-3.1-8B-Instruct,0.802,0.998,0.868,0.978,0.996,0.81,0.694,0.984,0.926,0.982,0.73,0.674,0.698,0.722,0.692,0.738,0.902,0.972,0.996,0.924,382.154,0.652323293993147,0.6508608517160943,-0.0011222069282133,0.8543,0.8371999999999999,0.0171,0.020425226946966,0.2333077890057897,0.81,0.998,0.768,0.968,0.998,0.776,0.676,0.982,0.956,0.98,0.684,0.744,0.552,0.756,0.684,0.706,0.852,0.968,0.996,0.89,0.2644927488316529,Markdown
microsoft_Phi-4-mini-instruct_disguised-mistralai_Mistral-7B-Instruct-v0.3_responses-500,mistralai/Mistral-7B-Instruct-v0.3,random_sample_5_examples,microsoft/Phi-4-mini-instruct,0.784,0.998,0.946,0.978,0.998,0.826,0.724,0.986,0.96,0.986,0.79,0.724,0.814,0.72,0.76,0.74,0.944,0.952,0.996,0.93,229.074,0.6645089118441765,0.6344923411608033,-0.0231074224246788,0.8777999999999999,0.8655000000000002,0.0122999999999997,0.0142114384748697,-0.1323211369534954,0.806,0.998,0.844,0.98,0.998,0.834,0.73,0.982,0.934,0.982,0.786,0.714,0.668,0.754,0.734,0.77,0.916,0.95,0.994,0.936,0.21856287097959756,Markdown
mistralai_Mistral-7B-Instruct-v0.3_disguised-mistralai_Mistral-7B-Instruct-v0.3_responses-500,mistralai/Mistral-7B-Instruct-v0.3,random_sample_5_examples,mistralai/Mistral-7B-Instruct-v0.3,0.798,0.998,0.944,0.978,0.998,0.798,0.698,0.968,0.974,0.972,0.804,0.73,0.856,0.7,0.776,0.738,0.936,0.986,0.996,0.922,249.846,0.6098882488640262,0.0010859294102972,-0.9964452526836258,0.8785000000000001,1.0,-0.1214999999999999,-0.1214999999999999,0.0260661357631475,1.0,1.0,1.0,1.0,1.0,1.0,1.0,1.0,1.0,1.0,1.0,1.0,1.0,1.0,1.0,1.0,1.0,1.0,1.0,1.0,-0.0019999999800000023,Blockquotes
OpenGVLab_InternVL3-8B_disguised-mistralai_Mistral-7B-Instruct-v0.3_responses-500,mistralai/Mistral-7B-Instruct-v0.3,random_sample_5_examples,OpenGVLab/InternVL3-8B,0.852,0.998,0.78,0.974,0.992,0.812,0.722,0.974,0.856,0.982,0.712,0.728,0.6,0.746,0.69,0.756,0.91,0.982,0.994,0.94,384.33,0.6321018478445639,0.6241662834914349,-0.0063167759773463,0.85,0.8351000000000001,0.0148999999999999,0.0178421745898693,0.2155701925031215,0.838,0.998,0.7,0.974,1.0,0.82,0.75,0.994,0.778,0.984,0.664,0.706,0.528,0.724,0.688,0.732,0.92,0.976,0.988,0.94,0.13636363378099167,Markdown
Qwen_Qwen2.5-VL-7B-Instruct_disguised-OpenGVLab_InternVL3-8B_responses-500,OpenGVLab/InternVL3-8B,random_sample_5_examples,Qwen/Qwen2.5-VL-7B-Instruct,0.812,1.0,0.71,0.976,0.996,0.786,0.774,0.99,0.818,0.99,0.642,0.682,0.712,0.79,0.95,0.718,0.92,0.932,0.986,0.96,325.392,0.613046502203039,0.5788043161629046,-0.0287302618016248,0.8572000000000001,0.8843,-0.0270999999999999,-0.0306457084699761,-0.3246591190669649,0.816,1.0,0.748,0.982,0.998,0.822,0.768,0.994,0.846,0.994,0.806,0.786,0.796,0.832,0.882,0.784,0.916,0.956,0.988,0.972,0.07709750479481281,Numbered Steps
meta-llama_Llama-3.1-8B-Instruct_disguised-OpenGVLab_InternVL3-8B_responses-500,OpenGVLab/InternVL3-8B,random_sample_5_examples,meta-llama/Llama-3.1-8B-Instruct,0.808,1.0,0.688,0.97,0.998,0.736,0.696,0.988,0.772,0.988,0.676,0.684,0.714,0.816,0.926,0.752,0.858,0.962,0.988,0.93,460.43,0.6381092850813036,0.6126707919731473,-0.0203381022570036,0.8474999999999999,0.8643000000000001,-0.0168000000000001,-0.0194376952447068,-0.0167678599915502,0.792,1.0,0.72,0.974,0.998,0.728,0.702,0.984,0.794,0.992,0.796,0.806,0.804,0.852,0.88,0.766,0.852,0.956,0.988,0.902,0.05227272667871906,Numbered Steps
microsoft_Phi-4-mini-instruct_disguised-OpenGVLab_InternVL3-8B_responses-500,OpenGVLab/InternVL3-8B,random_sample_5_examples,microsoft/Phi-4-mini-instruct,0.818,1.0,0.698,0.968,0.996,0.768,0.776,0.99,0.78,0.996,0.628,0.728,0.662,0.754,0.904,0.742,0.916,0.94,0.984,0.942,270.682,0.6396689134195723,0.5903538773471524,-0.0400927823798125,0.8494999999999999,0.8821999999999999,-0.0326999999999999,-0.0370664248469734,-0.3885407305208391,0.828,1.0,0.772,0.982,0.998,0.806,0.788,0.98,0.796,0.99,0.782,0.812,0.784,0.822,0.89,0.786,0.936,0.95,0.986,0.956,0.01573033690190634,Numbered Steps
mistralai_Mistral-7B-Instruct-v0.3_disguised-OpenGVLab_InternVL3-8B_responses-500,OpenGVLab/InternVL3-8B,random_sample_5_examples,mistralai/Mistral-7B-Instruct-v0.3,0.784,1.0,0.662,0.962,0.998,0.782,0.672,0.992,0.756,0.99,0.626,0.654,0.628,0.724,0.872,0.692,0.92,0.968,0.988,0.952,246.288,0.6608777358026711,0.6241614453560232,-0.0285721174770262,0.8311,0.8351000000000001,-0.0040000000000001,-0.0047898455274818,-0.2581820961453937,0.838,0.998,0.7,0.974,1.0,0.82,0.75,0.994,0.778,0.984,0.664,0.706,0.528,0.724,0.688,0.732,0.92,0.976,0.988,0.94,0.26744185657788005,Numbered Steps
OpenGVLab_InternVL3-8B_disguised-OpenGVLab_InternVL3-8B_responses-500,OpenGVLab/InternVL3-8B,random_sample_5_examples,OpenGVLab/InternVL3-8B,0.862,1.0,0.736,0.976,0.99,0.742,0.782,0.978,0.784,0.988,0.76,0.812,0.816,0.854,0.956,0.79,0.9,0.974,0.99,0.96,452.318,0.5481075501605756,0.0009253605295923,-0.9966291254619724,0.8825000000000001,1.0,-0.1174999999999999,-0.1174999999999999,-0.0382955245547641,1.0,1.0,1.0,1.0,1.0,1.0,1.0,1.0,1.0,1.0,1.0,1.0,1.0,1.0,1.0,1.0,1.0,1.0,1.0,1.0,0.0,Blockquotes
Qwen_Qwen2.5-VL-7B-Instruct_disguised-Qwen_Qwen2.5-VL-7B-Instruct_responses-500,Qwen/Qwen2.5-VL-7B-Instruct,stylistic_clustering,Qwen/Qwen2.5-VL-7B-Instruct,0.858,1.0,0.778,0.982,0.998,0.88,0.796,0.99,0.838,0.996,0.698,0.708,0.742,0.81,0.874,0.768,0.914,0.968,0.998,0.98,283.316,0.5676633103776948,0.0007982920205666,-0.99719139510145,0.8788,1.0,-0.1211999999999999,-0.1211999999999999,-0.2316674757071437,1.0,1.0,1.0,1.0,1.0,1.0,1.0,1.0,1.0,1.0,1.0,1.0,1.0,1.0,1.0,1.0,1.0,1.0,1.0,1.0,0.0,Blockquotes
meta-llama_Llama-3.1-8B-Instruct_disguised-Qwen_Qwen2.5-VL-7B-Instruct_responses-500,Qwen/Qwen2.5-VL-7B-Instruct,stylistic_clustering,meta-llama/Llama-3.1-8B-Instruct,0.794,1.0,0.758,0.976,1.0,0.848,0.716,0.986,0.822,0.998,0.668,0.716,0.698,0.776,0.848,0.736,0.896,0.96,1.0,0.934,293.344,0.6407759625870131,0.6363044057166326,-0.0035013903442271,0.8565000000000002,0.8528000000000002,0.0036999999999999,0.0043386491557222,-0.1465131591450802,0.772,1.0,0.732,0.976,1.0,0.81,0.686,0.978,0.824,0.998,0.73,0.768,0.724,0.824,0.822,0.706,0.84,0.952,1.0,0.914,0.06666666587301594,Questions
microsoft_Phi-4-mini-instruct_disguised-Qwen_Qwen2.5-VL-7B-Instruct_responses-500,Qwen/Qwen2.5-VL-7B-Instruct,stylistic_clustering,microsoft/Phi-4-mini-instruct,0.722,1.0,0.748,0.982,0.996,0.858,0.664,0.98,0.812,0.994,0.65,0.688,0.682,0.75,0.826,0.724,0.916,0.94,1.0,0.954,260.658,0.6713525260299695,0.6136281723375877,-0.044922350791506,0.8442999999999999,0.8829,-0.0386,-0.0437195605391324,-0.3135284847832627,0.82,1.0,0.78,0.988,1.0,0.888,0.736,0.982,0.834,0.996,0.808,0.762,0.796,0.814,0.848,0.774,0.924,0.954,0.998,0.956,0.0020040079959518253,Sign-off (End)
mistralai_Mistral-7B-Instruct-v0.3_disguised-Qwen_Qwen2.5-VL-7B-Instruct_responses-500,Qwen/Qwen2.5-VL-7B-Instruct,stylistic_clustering,mistralai/Mistral-7B-Instruct-v0.3,0.784,1.0,0.754,0.97,1.0,0.852,0.572,0.982,0.808,0.994,0.616,0.648,0.594,0.688,0.762,0.728,0.922,0.958,1.0,0.974,231.822,0.6635827265112232,0.6228242525072898,-0.0316839652370595,0.8302999999999999,0.8489999999999999,-0.0186999999999999,-0.0220259128386336,-0.2006943106931313,0.818,0.998,0.756,0.98,0.998,0.854,0.726,0.988,0.808,0.982,0.706,0.74,0.624,0.744,0.69,0.744,0.92,0.96,0.996,0.948,0.1043478245746693,Numbered Steps
OpenGVLab_InternVL3-8B_disguised-Qwen_Qwen2.5-VL-7B-Instruct_responses-500,Qwen/Qwen2.5-VL-7B-Instruct,stylistic_clustering,OpenGVLab/InternVL3-8B,0.818,1.0,0.738,0.992,0.992,0.784,0.756,0.898,0.714,0.992,0.712,0.738,0.798,0.834,0.894,0.764,0.908,0.964,0.996,0.988,357.148,0.5872745614759453,0.5787960476080409,-0.0072710124085578,0.8639999999999999,0.8843,-0.0203,-0.0229560104037092,-0.035775725347734,0.816,1.0,0.748,0.982,0.998,0.822,0.768,0.994,0.846,0.994,0.806,0.786,0.796,0.832,0.882,0.784,0.916,0.956,0.988,0.972,0.016460905180443377,Starts with List
Qwen_Qwen2.5-VL-7B-Instruct_disguised-meta-llama_Llama-3.1-8B-Instruct_responses-500,meta-llama/Llama-3.1-8B-Instruct,stylistic_clustering,Qwen/Qwen2.5-VL-7B-Instruct,0.76,1.0,0.772,0.972,0.998,0.824,0.688,0.98,0.938,0.994,0.664,0.644,0.686,0.734,0.902,0.674,0.858,0.938,1.0,0.898,279.56,0.6537255161637069,0.6363123653653605,-0.0134981701294746,0.8462000000000002,0.8528000000000002,-0.0066,-0.0077392120075047,-0.2676136595547037,0.772,1.0,0.732,0.976,1.0,0.81,0.686,0.978,0.824,0.998,0.73,0.768,0.724,0.824,0.822,0.706,0.84,0.952,1.0,0.914,0.13834951288410785,Header/Title
meta-llama_Llama-3.1-8B-Instruct_disguised-meta-llama_Llama-3.1-8B-Instruct_responses-500,meta-llama/Llama-3.1-8B-Instruct,stylistic_clustering,meta-llama/Llama-3.1-8B-Instruct,0.822,1.0,0.772,0.982,1.0,0.91,0.712,0.988,0.948,0.996,0.764,0.784,0.796,0.832,0.908,0.722,0.842,0.934,1.0,0.91,273.144,0.5890187071140294,0.000663877018339,-0.9977483580617666,0.8811,1.0,-0.1189,-0.1189,-0.223438054422831,1.0,1.0,1.0,1.0,1.0,1.0,1.0,1.0,1.0,1.0,1.0,1.0,1.0,1.0,1.0,1.0,1.0,1.0,1.0,1.0,0.0,Blockquotes
microsoft_Phi-4-mini-instruct_disguised-meta-llama_Llama-3.1-8B-Instruct_responses-500,meta-llama/Llama-3.1-8B-Instruct,stylistic_clustering,microsoft/Phi-4-mini-instruct,0.74,1.0,0.762,0.976,0.996,0.758,0.696,0.978,0.944,0.992,0.686,0.692,0.672,0.746,0.858,0.702,0.852,0.942,0.998,0.884,283.08,0.6811094830785703,0.642779759928699,-0.0289523639173952,0.8436999999999999,0.8619000000000001,-0.0182000000000002,-0.0211161387631978,-0.2658701808801855,0.788,1.0,0.728,0.98,1.0,0.802,0.67,0.98,0.93,0.994,0.75,0.79,0.752,0.806,0.854,0.744,0.836,0.946,0.998,0.89,0.04670329606176795,Bullets
mistralai_Mistral-7B-Instruct-v0.3_disguised-meta-llama_Llama-3.1-8B-Instruct_responses-500,meta-llama/Llama-3.1-8B-Instruct,stylistic_clustering,mistralai/Mistral-7B-Instruct-v0.3,0.756,1.0,0.754,0.97,1.0,0.834,0.68,0.984,0.954,0.99,0.638,0.644,0.538,0.712,0.698,0.692,0.838,0.964,1.0,0.892,292.492,0.6618782217090857,0.6508595193415185,-0.0083936814056619,0.8269,0.8371999999999999,-0.0102999999999999,-0.0123029144768274,-0.0544558693404625,0.81,0.998,0.768,0.968,0.998,0.776,0.676,0.982,0.956,0.98,0.684,0.744,0.552,0.756,0.684,0.706,0.852,0.968,0.996,0.89,0.07474226707806349,Exclamations
OpenGVLab_InternVL3-8B_disguised-meta-llama_Llama-3.1-8B-Instruct_responses-500,meta-llama/Llama-3.1-8B-Instruct,stylistic_clustering,OpenGVLab/InternVL3-8B,0.796,1.0,0.586,0.978,0.984,0.804,0.68,0.982,0.95,0.994,0.752,0.822,0.694,0.8,0.898,0.724,0.528,0.964,0.998,0.91,464.568,0.6542611864436331,0.6126613064351784,-0.0328353788351549,0.8421999999999998,0.8643000000000001,-0.0221000000000002,-0.0255698252921441,0.1552595940904815,0.792,1.0,0.72,0.974,0.998,0.728,0.702,0.984,0.794,0.992,0.796,0.806,0.804,0.852,0.88,0.766,0.852,0.956,0.988,0.902,0.19647354916280152,Header/Title
Qwen_Qwen2.5-VL-7B-Instruct_disguised-microsoft_Phi-4-mini-instruct_responses-500,microsoft/Phi-4-mini-instruct,stylistic_clustering,Qwen/Qwen2.5-VL-7B-Instruct,0.81,1.0,0.83,0.982,0.998,0.82,0.802,0.986,0.946,0.994,0.728,0.688,0.746,0.76,0.9,0.722,0.918,0.91,0.998,0.96,265.448,0.6349689704187824,0.613648399437501,-0.0170753438931699,0.8749,0.8829,-0.008,-0.0090610488164005,-0.2239422681208795,0.82,1.0,0.78,0.988,1.0,0.888,0.736,0.982,0.834,0.996,0.808,0.762,0.796,0.814,0.848,0.774,0.924,0.954,0.998,0.956,0.1342925643370196,Header/Title
meta-llama_Llama-3.1-8B-Instruct_disguised-microsoft_Phi-4-mini-instruct_responses-500,microsoft/Phi-4-mini-instruct,stylistic_clustering,meta-llama/Llama-3.1-8B-Instruct,0.816,1.0,0.816,0.956,1.0,0.81,0.71,0.978,0.922,0.992,0.718,0.634,0.752,0.762,0.886,0.758,0.908,0.934,0.998,0.934,416.244,0.6532899913863518,0.6427532415054522,-0.0081299370372,0.8642,0.8619000000000001,0.0022999999999998,0.0026685230305138,0.2185409267290582,0.788,1.0,0.728,0.98,1.0,0.802,0.67,0.98,0.93,0.994,0.75,0.79,0.752,0.806,0.854,0.744,0.836,0.946,0.998,0.89,0.12087911921869336,Bullets
microsoft_Phi-4-mini-instruct_disguised-microsoft_Phi-4-mini-instruct_responses-500,microsoft/Phi-4-mini-instruct,stylistic_clustering,microsoft/Phi-4-mini-instruct,0.842,1.0,0.856,0.988,0.998,0.852,0.8,0.982,0.944,0.994,0.796,0.71,0.766,0.792,0.872,0.79,0.942,0.956,0.998,0.954,240.826,0.5626570622129632,0.0010067205345619,-0.996427939614446,0.8916000000000001,1.0,-0.1083999999999999,-0.1083999999999999,-0.101339757357933,1.0,1.0,1.0,1.0,1.0,1.0,1.0,1.0,1.0,1.0,1.0,1.0,1.0,1.0,1.0,1.0,1.0,1.0,1.0,1.0,0.0,Blockquotes
mistralai_Mistral-7B-Instruct-v0.3_disguised-microsoft_Phi-4-mini-instruct_responses-500,microsoft/Phi-4-mini-instruct,stylistic_clustering,mistralai/Mistral-7B-Instruct-v0.3,0.786,1.0,0.836,0.976,0.998,0.816,0.712,0.978,0.93,0.992,0.734,0.714,0.644,0.732,0.614,0.698,0.922,0.944,0.998,0.954,289.564,0.6609894886430002,0.6344838102603756,-0.0204602274744387,0.8489000000000001,0.8655000000000002,-0.0166,-0.0191796649335644,0.1025002808625175,0.806,0.998,0.844,0.98,0.998,0.834,0.73,0.982,0.934,0.982,0.786,0.714,0.668,0.754,0.734,0.77,0.916,0.95,0.994,0.936,0.01923076902531219,Starts with List
OpenGVLab_InternVL3-8B_disguised-microsoft_Phi-4-mini-instruct_responses-500,microsoft/Phi-4-mini-instruct,stylistic_clustering,OpenGVLab/InternVL3-8B,0.812,1.0,0.634,0.986,1.0,0.366,0.76,0.978,0.924,0.994,0.736,0.75,0.742,0.766,0.896,0.756,0.934,0.96,0.998,0.952,376.552,0.6129292576532656,0.5903265584889402,-0.0187846165886756,0.8472,0.8821999999999999,-0.0349999999999999,-0.0396735434141917,0.1422873440985708,0.828,1.0,0.772,0.982,0.998,0.806,0.788,0.98,0.796,0.99,0.782,0.812,0.784,0.822,0.89,0.786,0.936,0.95,0.986,0.956,0.16080401808035152,Header/Title
Qwen_Qwen2.5-VL-7B-Instruct_disguised-mistralai_Mistral-7B-Instruct-v0.3_responses-500,mistralai/Mistral-7B-Instruct-v0.3,stylistic_clustering,Qwen/Qwen2.5-VL-7B-Instruct,0.824,0.998,0.93,0.982,0.998,0.844,0.742,0.984,0.95,0.984,0.826,0.716,0.772,0.73,0.712,0.752,0.872,0.946,0.996,0.952,328.214,0.6307724469199625,0.6228131909764089,-0.0063491920319938,0.8755,0.8489999999999999,0.0265,0.0312131919905772,0.0095465856251819,0.818,0.998,0.756,0.98,0.998,0.854,0.726,0.988,0.808,0.982,0.706,0.74,0.624,0.744,0.69,0.744,0.92,0.96,0.996,0.948,0.23717948337853392,Markdown
meta-llama_Llama-3.1-8B-Instruct_disguised-mistralai_Mistral-7B-Instruct-v0.3_responses-500,mistralai/Mistral-7B-Instruct-v0.3,stylistic_clustering,meta-llama/Llama-3.1-8B-Instruct,0.818,0.998,0.872,0.976,0.998,0.796,0.68,0.982,0.93,0.982,0.732,0.64,0.662,0.736,0.7,0.75,0.888,0.96,0.996,0.906,369.898,0.657542847863386,0.6508465628506063,-0.0051179602631647,0.8501,0.8371999999999999,0.0129,0.0154085045389393,0.193846354064251,0.81,0.998,0.768,0.968,0.998,0.776,0.676,0.982,0.956,0.98,0.684,0.744,0.552,0.756,0.684,0.706,0.852,0.968,0.996,0.89,0.1992753587087797,Markdown
microsoft_Phi-4-mini-instruct_disguised-mistralai_Mistral-7B-Instruct-v0.3_responses-500,mistralai/Mistral-7B-Instruct-v0.3,stylistic_clustering,microsoft/Phi-4-mini-instruct,0.782,0.998,0.938,0.976,0.996,0.85,0.69,0.988,0.97,0.988,0.802,0.682,0.822,0.724,0.75,0.742,0.948,0.95,0.994,0.744,258.744,0.6764380658212351,0.6344862783775845,-0.0320016846351951,0.8667,0.8655000000000002,0.0011999999999998,0.0013864818024261,-0.15668046716606,0.806,0.998,0.844,0.98,0.998,0.834,0.73,0.982,0.934,0.982,0.786,0.714,0.668,0.754,0.734,0.77,0.916,0.95,0.994,0.936,0.23053891870450705,Markdown
mistralai_Mistral-7B-Instruct-v0.3_disguised-mistralai_Mistral-7B-Instruct-v0.3_responses-500,mistralai/Mistral-7B-Instruct-v0.3,stylistic_clustering,mistralai/Mistral-7B-Instruct-v0.3,0.822,0.998,0.948,0.986,0.998,0.84,0.732,0.988,0.976,0.986,0.85,0.694,0.88,0.748,0.828,0.732,0.956,0.986,0.994,0.928,257.392,0.5898804122213522,0.0008339070296115,-0.9971766148121518,0.8935000000000001,1.0,-0.1064999999999999,-0.1064999999999999,0.0106783328983829,1.0,1.0,1.0,1.0,1.0,1.0,1.0,1.0,1.0,1.0,1.0,1.0,1.0,1.0,1.0,1.0,1.0,1.0,1.0,1.0,-0.0019999999800000023,Blockquotes
OpenGVLab_InternVL3-8B_disguised-mistralai_Mistral-7B-Instruct-v0.3_responses-500,mistralai/Mistral-7B-Instruct-v0.3,stylistic_clustering,OpenGVLab/InternVL3-8B,0.87,0.998,0.796,0.982,0.994,0.826,0.768,0.99,0.862,0.978,0.724,0.73,0.608,0.734,0.696,0.776,0.91,0.984,0.994,0.936,389.29,0.6135854449677618,0.6241552369616556,0.0085395851879227,0.8578000000000001,0.8351000000000001,0.0227,0.0271823733684589,0.2695012267027408,0.838,0.998,0.7,0.974,1.0,0.82,0.75,0.994,0.778,0.984,0.664,0.706,0.528,0.724,0.688,0.732,0.92,0.976,0.988,0.94,0.15151514864554633,Markdown
Qwen_Qwen2.5-VL-7B-Instruct_disguised-OpenGVLab_InternVL3-8B_responses-500,OpenGVLab/InternVL3-8B,stylistic_clustering,Qwen/Qwen2.5-VL-7B-Instruct,0.804,1.0,0.686,0.98,0.996,0.788,0.762,0.992,0.786,0.992,0.738,0.72,0.776,0.8,0.95,0.71,0.932,0.948,0.988,0.962,321.966,0.5927433103162125,0.5787933360594013,-0.0119074160419721,0.8655000000000002,0.8843,-0.0187999999999998,-0.0212597534773264,-0.3144759747520543,0.816,1.0,0.748,0.982,0.998,0.822,0.768,0.994,0.846,0.994,0.806,0.786,0.796,0.832,0.882,0.784,0.916,0.956,0.988,0.972,0.07709750479481281,Numbered Steps
meta-llama_Llama-3.1-8B-Instruct_disguised-OpenGVLab_InternVL3-8B_responses-500,OpenGVLab/InternVL3-8B,stylistic_clustering,meta-llama/Llama-3.1-8B-Instruct,0.804,1.0,0.724,0.966,0.998,0.752,0.73,0.984,0.764,0.99,0.708,0.768,0.786,0.826,0.942,0.734,0.882,0.952,0.988,0.934,392.098,0.6318937555231657,0.6126657833277236,-0.0154496202031406,0.8615999999999999,0.8643000000000001,-0.0027000000000001,-0.0031239153071851,-0.0766465542126338,0.792,1.0,0.72,0.974,0.998,0.728,0.702,0.984,0.794,0.992,0.796,0.806,0.804,0.852,0.88,0.766,0.852,0.956,0.988,0.902,0.07045454465392556,Numbered Steps
microsoft_Phi-4-mini-instruct_disguised-OpenGVLab_InternVL3-8B_responses-500,OpenGVLab/InternVL3-8B,stylistic_clustering,microsoft/Phi-4-mini-instruct,0.832,1.0,0.722,0.978,0.996,0.776,0.762,0.992,0.794,0.99,0.672,0.744,0.758,0.806,0.926,0.778,0.924,0.96,0.988,0.964,289.616,0.6063572696139198,0.590352833472801,-0.0133736951830171,0.8680999999999999,0.8821999999999999,-0.0141,-0.0159827703468601,-0.2981215874956766,0.828,1.0,0.772,0.982,0.998,0.806,0.788,0.98,0.796,0.99,0.782,0.812,0.784,0.822,0.89,0.786,0.936,0.95,0.986,0.956,0.04044943774775916,Numbered Steps
mistralai_Mistral-7B-Instruct-v0.3_disguised-OpenGVLab_InternVL3-8B_responses-500,OpenGVLab/InternVL3-8B,stylistic_clustering,mistralai/Mistral-7B-Instruct-v0.3,0.794,0.998,0.68,0.964,0.996,0.77,0.676,0.994,0.768,0.988,0.618,0.652,0.662,0.748,0.938,0.708,0.914,0.97,0.988,0.96,260.108,0.6697779225719276,0.6241671446834373,-0.0352493927622731,0.8393,0.8351000000000001,0.0041999999999999,0.0050293378038558,-0.2337453483341564,0.838,0.998,0.7,0.974,1.0,0.82,0.75,0.994,0.778,0.984,0.664,0.706,0.528,0.724,0.688,0.732,0.92,0.976,0.988,0.94,0.3633720877416848,Numbered Steps
OpenGVLab_InternVL3-8B_disguised-OpenGVLab_InternVL3-8B_responses-500,OpenGVLab/InternVL3-8B,stylistic_clustering,OpenGVLab/InternVL3-8B,0.846,1.0,0.76,0.984,0.996,0.75,0.802,0.988,0.8,0.984,0.808,0.836,0.826,0.87,0.958,0.79,0.898,0.976,0.988,0.972,361.984,0.5436662992873068,0.0005476544257105,-0.9979873561786716,0.8916000000000001,1.0,-0.1083999999999999,-0.1083999999999999,-0.1473808605185493,1.0,1.0,1.0,1.0,1.0,1.0,1.0,1.0,1.0,1.0,1.0,1.0,1.0,1.0,1.0,1.0,1.0,1.0,1.0,1.0,0.0,Blockquotes
Qwen_Qwen2.5-VL-7B-Instruct_disguised-Qwen_Qwen2.5-VL-7B-Instruct_responses-500,Qwen/Qwen2.5-VL-7B-Instruct,embedding_clustering,Qwen/Qwen2.5-VL-7B-Instruct,0.824,1.0,0.788,0.976,0.978,0.848,0.758,0.984,0.84,0.994,0.75,0.73,0.78,0.82,0.892,0.752,0.914,0.942,0.998,0.978,399.438,0.5913647179579389,0.0007283436240524,-0.9975397663937948,0.8773,1.0,-0.1227,-0.1227,-0.1703581547896905,1.0,1.0,1.0,1.0,1.0,1.0,1.0,1.0,1.0,1.0,1.0,1.0,1.0,1.0,1.0,1.0,1.0,1.0,1.0,1.0,0.0,Blockquotes
meta-llama_Llama-3.1-8B-Instruct_disguised-Qwen_Qwen2.5-VL-7B-Instruct_responses-500,Qwen/Qwen2.5-VL-7B-Instruct,embedding_clustering,meta-llama/Llama-3.1-8B-Instruct,0.792,1.0,0.724,0.974,1.0,0.832,0.726,0.986,0.68,0.992,0.694,0.734,0.762,0.808,0.878,0.732,0.88,0.948,1.0,0.934,495.166,0.6431932553229499,0.6362904464913297,-0.005394995514075,0.8538000000000002,0.8528000000000002,0.001,0.0011726078799249,0.1690919009859766,0.772,1.0,0.732,0.976,1.0,0.81,0.686,0.978,0.824,0.998,0.73,0.768,0.724,0.824,0.822,0.706,0.84,0.952,1.0,0.914,0.06812651985247549,Numbered Steps
microsoft_Phi-4-mini-instruct_disguised-Qwen_Qwen2.5-VL-7B-Instruct_responses-500,Qwen/Qwen2.5-VL-7B-Instruct,embedding_clustering,microsoft/Phi-4-mini-instruct,0.788,1.0,0.78,0.982,0.994,0.848,0.696,0.986,0.822,0.996,0.718,0.736,0.748,0.804,0.876,0.77,0.9,0.946,1.0,0.956,293.756,0.649877539149854,0.6136280608305985,-0.028689606377539,0.8673,0.8829,-0.0156,-0.017669045191981,-0.2083109595763908,0.82,1.0,0.78,0.988,1.0,0.888,0.736,0.982,0.834,0.996,0.808,0.762,0.796,0.814,0.848,0.774,0.924,0.954,0.998,0.956,0.03301886753515489,Numbered Steps
mistralai_Mistral-7B-Instruct-v0.3_disguised-Qwen_Qwen2.5-VL-7B-Instruct_responses-500,Qwen/Qwen2.5-VL-7B-Instruct,embedding_clustering,mistralai/Mistral-7B-Instruct-v0.3,0.792,0.994,0.704,0.986,0.996,0.852,0.642,0.986,0.786,0.986,0.708,0.73,0.722,0.774,0.764,0.706,0.932,0.958,1.0,0.972,308.866,0.6411473666452479,0.6228260216617123,-0.0144950401274478,0.8495000000000001,0.8489999999999999,0.0005000000000002,0.0005889281507659,-0.0717744149803407,0.818,0.998,0.756,0.98,0.998,0.854,0.726,0.988,0.808,0.982,0.706,0.74,0.624,0.744,0.69,0.744,0.92,0.96,0.996,0.948,0.15705127953443457,Markdown
OpenGVLab_InternVL3-8B_disguised-Qwen_Qwen2.5-VL-7B-Instruct_responses-500,Qwen/Qwen2.5-VL-7B-Instruct,embedding_clustering,OpenGVLab/InternVL3-8B,0.802,1.0,0.58,0.98,0.994,0.87,0.716,0.988,0.552,0.998,0.666,0.752,0.716,0.818,0.89,0.754,0.912,0.964,0.994,0.98,645.572,0.6004685699384513,0.5787952719051647,-0.0183786674909013,0.8463,0.8843,-0.0379999999999999,-0.0429718421350219,0.3180638927758585,0.816,1.0,0.748,0.982,0.998,0.822,0.768,0.994,0.846,0.994,0.806,0.786,0.796,0.832,0.882,0.784,0.916,0.956,0.988,0.972,0.05839415987355042,Exclamations
Qwen_Qwen2.5-VL-7B-Instruct_disguised-meta-llama_Llama-3.1-8B-Instruct_responses-500,meta-llama/Llama-3.1-8B-Instruct,embedding_clustering,Qwen/Qwen2.5-VL-7B-Instruct,0.798,1.0,0.778,0.976,1.0,0.828,0.662,0.982,0.934,0.996,0.688,0.662,0.714,0.786,0.902,0.708,0.866,0.936,0.998,0.91,314.572,0.6378028873838887,0.6363125510858528,-0.0011697027231895,0.8562000000000001,0.8528000000000002,0.0033999999999998,0.0039868667917446,-0.1753154094219239,0.772,1.0,0.732,0.976,1.0,0.81,0.686,0.978,0.824,0.998,0.73,0.768,0.724,0.824,0.822,0.706,0.84,0.952,1.0,0.914,0.1334951440109814,Header/Title
meta-llama_Llama-3.1-8B-Instruct_disguised-meta-llama_Llama-3.1-8B-Instruct_responses-500,meta-llama/Llama-3.1-8B-Instruct,embedding_clustering,meta-llama/Llama-3.1-8B-Instruct,0.82,1.0,0.766,0.976,0.998,0.894,0.686,0.994,0.932,0.994,0.746,0.706,0.776,0.83,0.894,0.77,0.842,0.976,1.0,0.926,499.18,0.582455738353072,0.0010388480896506,-0.9964392194416608,0.8763,1.0,-0.1237,-0.1237,0.2538267251521941,1.0,1.0,1.0,1.0,1.0,1.0,1.0,1.0,1.0,1.0,1.0,1.0,1.0,1.0,1.0,1.0,1.0,1.0,1.0,1.0,0.0,Blockquotes
microsoft_Phi-4-mini-instruct_disguised-meta-llama_Llama-3.1-8B-Instruct_responses-500,meta-llama/Llama-3.1-8B-Instruct,embedding_clustering,microsoft/Phi-4-mini-instruct,0.736,1.0,0.764,0.968,1.0,0.764,0.688,0.974,0.94,0.992,0.656,0.692,0.614,0.738,0.822,0.726,0.848,0.936,0.996,0.788,270.404,0.6962685110236189,0.642758726504078,-0.039961684885767,0.8321,0.8619000000000001,-0.0298000000000001,-0.0345747766562248,-0.2635168896190213,0.788,1.0,0.728,0.98,1.0,0.802,0.67,0.98,0.93,0.994,0.75,0.79,0.752,0.806,0.854,0.744,0.836,0.946,0.998,0.89,0.049450548771283714,Bullets
mistralai_Mistral-7B-Instruct-v0.3_disguised-meta-llama_Llama-3.1-8B-Instruct_responses-500,meta-llama/Llama-3.1-8B-Instruct,embedding_clustering,mistralai/Mistral-7B-Instruct-v0.3,0.788,1.0,0.752,0.96,0.996,0.822,0.652,0.988,0.938,0.986,0.694,0.734,0.714,0.746,0.874,0.724,0.846,0.95,0.998,0.892,302.24,0.668431765899497,0.6508451297388826,-0.013330511751367,0.8526999999999999,0.8371999999999999,0.0154999999999999,0.018514094601051,-0.1442511733631494,0.81,0.998,0.768,0.968,0.998,0.776,0.676,0.982,0.956,0.98,0.684,0.744,0.552,0.756,0.684,0.706,0.852,0.968,0.996,0.89,0.29347825555292995,Markdown
OpenGVLab_InternVL3-8B_disguised-meta-llama_Llama-3.1-8B-Instruct_responses-500,meta-llama/Llama-3.1-8B-Instruct,embedding_clustering,OpenGVLab/InternVL3-8B,0.796,1.0,0.72,0.976,0.994,0.746,0.714,0.952,0.85,0.992,0.774,0.802,0.792,0.846,0.896,0.76,0.856,0.964,1.0,0.916,467.936,0.6028984313796234,0.6126572461219942,0.0080282745767997,0.8673,0.8643000000000001,0.0029999999999998,0.0034710170079832,0.122534643771445,0.792,1.0,0.72,0.974,0.998,0.728,0.702,0.984,0.794,0.992,0.796,0.806,0.804,0.852,0.88,0.766,0.852,0.956,0.988,0.902,0.07052896636613384,Header/Title
Qwen_Qwen2.5-VL-7B-Instruct_disguised-microsoft_Phi-4-mini-instruct_responses-500,microsoft/Phi-4-mini-instruct,embedding_clustering,Qwen/Qwen2.5-VL-7B-Instruct,0.812,1.0,0.854,0.984,1.0,0.854,0.79,0.984,0.914,0.994,0.816,0.706,0.808,0.802,0.914,0.764,0.924,0.946,0.996,0.964,402.576,0.5976695781698118,0.6136499861766255,0.0131925616304528,0.8912999999999999,0.8829,0.0083999999999998,0.0095141012572203,0.0851267753206956,0.82,1.0,0.78,0.988,1.0,0.888,0.736,0.982,0.834,0.996,0.808,0.762,0.796,0.814,0.848,0.774,0.924,0.954,0.998,0.956,0.09592326024072838,Header/Title
meta-llama_Llama-3.1-8B-Instruct_disguised-microsoft_Phi-4-mini-instruct_responses-500,microsoft/Phi-4-mini-instruct,embedding_clustering,meta-llama/Llama-3.1-8B-Instruct,0.784,1.0,0.742,0.98,1.0,0.836,0.7,0.986,0.708,0.984,0.696,0.754,0.638,0.764,0.876,0.73,0.844,0.946,0.998,0.928,503.102,0.6789791298081953,0.6427799727491754,-0.0273871063108102,0.8446999999999999,0.8619000000000001,-0.0172000000000002,-0.0199559113586265,0.3461113218507488,0.788,1.0,0.728,0.98,1.0,0.802,0.67,0.98,0.93,0.994,0.75,0.79,0.752,0.806,0.854,0.744,0.836,0.946,0.998,0.89,0.044776118734684664,First-Person Pronouns
microsoft_Phi-4-mini-instruct_disguised-microsoft_Phi-4-mini-instruct_responses-500,microsoft/Phi-4-mini-instruct,embedding_clustering,microsoft/Phi-4-mini-instruct,0.812,1.0,0.862,0.984,0.996,0.886,0.77,0.98,0.95,0.994,0.786,0.76,0.794,0.808,0.896,0.742,0.94,0.936,0.996,0.874,269.306,0.5844013721432819,0.000858420813022,-0.9970665307155788,0.8882999999999999,1.0,-0.1117000000000001,-0.1117000000000001,-0.1490122728884785,1.0,1.0,1.0,1.0,1.0,1.0,1.0,1.0,1.0,1.0,1.0,1.0,1.0,1.0,1.0,1.0,1.0,1.0,1.0,1.0,0.0,Blockquotes
mistralai_Mistral-7B-Instruct-v0.3_disguised-microsoft_Phi-4-mini-instruct_responses-500,microsoft/Phi-4-mini-instruct,embedding_clustering,mistralai/Mistral-7B-Instruct-v0.3,0.792,1.0,0.832,0.954,0.998,0.838,0.738,0.978,0.94,0.982,0.732,0.71,0.702,0.736,0.798,0.704,0.916,0.944,0.998,0.954,277.518,0.6570317184904313,0.6344840197357065,-0.0174583228739384,0.8623000000000001,0.8655000000000002,-0.0032,-0.0036972848064703,0.0043917532263485,0.806,0.998,0.844,0.98,0.998,0.834,0.73,0.982,0.934,0.982,0.786,0.714,0.668,0.754,0.734,0.77,0.916,0.95,0.994,0.936,0.08719345930254149,Numbered Steps
OpenGVLab_InternVL3-8B_disguised-microsoft_Phi-4-mini-instruct_responses-500,microsoft/Phi-4-mini-instruct,embedding_clustering,OpenGVLab/InternVL3-8B,0.818,1.0,0.792,0.98,0.998,0.822,0.758,0.98,0.864,0.994,0.802,0.792,0.772,0.804,0.896,0.778,0.904,0.952,0.998,0.964,443.156,0.5842195361601219,0.5903487848801946,0.0052182990212472,0.8834,0.8821999999999999,0.0012,0.0013602357742009,0.2619510637924955,0.828,1.0,0.772,0.982,0.998,0.806,0.788,0.98,0.796,0.99,0.782,0.812,0.784,0.822,0.89,0.786,0.936,0.95,0.986,0.956,0.08542713460518668,Header/Title
Qwen_Qwen2.5-VL-7B-Instruct_disguised-mistralai_Mistral-7B-Instruct-v0.3_responses-500,mistralai/Mistral-7B-Instruct-v0.3,embedding_clustering,Qwen/Qwen2.5-VL-7B-Instruct,0.826,0.998,0.914,0.982,0.998,0.846,0.732,0.99,0.912,0.984,0.82,0.686,0.706,0.738,0.7,0.76,0.934,0.946,0.994,0.946,366.706,0.6232187010136926,0.6228144377892022,-0.000324440186943,0.8706000000000002,0.8489999999999999,0.0216000000000002,0.0254416961130745,0.0747099417567197,0.818,0.998,0.756,0.98,0.998,0.854,0.726,0.988,0.808,0.982,0.706,0.74,0.624,0.744,0.69,0.744,0.92,0.96,0.996,0.948,0.20899470623022878,Bullets
meta-llama_Llama-3.1-8B-Instruct_disguised-mistralai_Mistral-7B-Instruct-v0.3_responses-500,mistralai/Mistral-7B-Instruct-v0.3,embedding_clustering,meta-llama/Llama-3.1-8B-Instruct,0.822,0.998,0.812,0.978,0.998,0.802,0.678,0.984,0.918,0.984,0.694,0.656,0.578,0.73,0.662,0.75,0.9,0.97,0.996,0.928,476.656,0.6568738191361019,0.6508547029517711,-0.0046027260877669,0.8419000000000001,0.8371999999999999,0.0047000000000001,0.0056139512661253,0.3627256761971095,0.81,0.998,0.768,0.968,0.998,0.776,0.676,0.982,0.956,0.98,0.684,0.744,0.552,0.756,0.684,0.706,0.852,0.968,0.996,0.89,0.062322945292876186,Parentheses
microsoft_Phi-4-mini-instruct_disguised-mistralai_Mistral-7B-Instruct-v0.3_responses-500,mistralai/Mistral-7B-Instruct-v0.3,embedding_clustering,microsoft/Phi-4-mini-instruct,0.752,0.998,0.95,0.978,0.994,0.864,0.718,0.986,0.968,0.982,0.814,0.712,0.856,0.708,0.772,0.754,0.944,0.95,0.996,0.926,261.148,0.6566631146717199,0.6344756593948586,-0.0171844078440766,0.8810999999999998,0.8655000000000002,0.0155999999999996,0.018024263431542,-0.0744483703930148,0.806,0.998,0.844,0.98,0.998,0.834,0.73,0.982,0.934,0.982,0.786,0.714,0.668,0.754,0.734,0.77,0.916,0.95,0.994,0.936,0.2814371215353723,Markdown
mistralai_Mistral-7B-Instruct-v0.3_disguised-mistralai_Mistral-7B-Instruct-v0.3_responses-500,mistralai/Mistral-7B-Instruct-v0.3,embedding_clustering,mistralai/Mistral-7B-Instruct-v0.3,0.816,0.998,0.96,0.984,0.998,0.852,0.738,0.982,0.964,0.984,0.85,0.732,0.856,0.706,0.824,0.726,0.93,0.99,0.996,0.938,263.92,0.5965256758901555,0.0009494942185918,-0.996821644593468,0.8911999999999999,1.0,-0.1088000000000001,-0.1088000000000001,0.1019654126486417,1.0,1.0,1.0,1.0,1.0,1.0,1.0,1.0,1.0,1.0,1.0,1.0,1.0,1.0,1.0,1.0,1.0,1.0,1.0,1.0,-0.0019999999800000023,Blockquotes
OpenGVLab_InternVL3-8B_disguised-mistralai_Mistral-7B-Instruct-v0.3_responses-500,mistralai/Mistral-7B-Instruct-v0.3,embedding_clustering,OpenGVLab/InternVL3-8B,0.844,0.998,0.76,0.98,0.994,0.69,0.736,0.984,0.854,0.976,0.656,0.73,0.538,0.732,0.67,0.744,0.912,0.988,0.996,0.944,425.462,0.6223806235820145,0.6241651898046894,0.0014316090138929,0.8362999999999999,0.8351000000000001,0.0011999999999998,0.0014369536582443,0.27484512386486,0.838,0.998,0.7,0.974,1.0,0.82,0.75,0.994,0.778,0.984,0.664,0.706,0.528,0.724,0.688,0.732,0.92,0.976,0.988,0.94,0.09768637406572778,Header/Title
Qwen_Qwen2.5-VL-7B-Instruct_disguised-OpenGVLab_InternVL3-8B_responses-500,OpenGVLab/InternVL3-8B,embedding_clustering,Qwen/Qwen2.5-VL-7B-Instruct,0.822,1.0,0.71,0.98,0.998,0.752,0.784,0.99,0.812,0.99,0.62,0.652,0.66,0.754,0.94,0.708,0.924,0.932,0.984,0.97,347.43,0.6124934020108777,0.5787933933211342,-0.0282887452641924,0.8491,0.8843,-0.0352,-0.0398054958724414,-0.3083537158895842,0.816,1.0,0.748,0.982,0.998,0.822,0.768,0.994,0.846,0.994,0.806,0.786,0.796,0.832,0.882,0.784,0.916,0.956,0.988,0.972,0.06575963644263444,Numbered Steps
meta-llama_Llama-3.1-8B-Instruct_disguised-OpenGVLab_InternVL3-8B_responses-500,OpenGVLab/InternVL3-8B,embedding_clustering,meta-llama/Llama-3.1-8B-Instruct,0.808,1.0,0.696,0.91,0.998,0.75,0.686,0.99,0.656,0.984,0.73,0.728,0.808,0.854,0.932,0.758,0.84,0.968,0.988,0.938,565.38,0.6410252103962413,0.6126631772680384,-0.022622872962111,0.8511,0.8643000000000001,-0.0132000000000001,-0.0152724748351268,0.1401641479986548,0.792,1.0,0.72,0.974,0.998,0.728,0.702,0.984,0.794,0.992,0.796,0.806,0.804,0.852,0.88,0.766,0.852,0.956,0.988,0.902,0.059090908419421544,Numbered Steps
microsoft_Phi-4-mini-instruct_disguised-OpenGVLab_InternVL3-8B_responses-500,OpenGVLab/InternVL3-8B,embedding_clustering,microsoft/Phi-4-mini-instruct,0.83,1.0,0.72,0.982,0.994,0.792,0.726,0.988,0.82,0.994,0.708,0.732,0.752,0.794,0.934,0.75,0.916,0.956,0.988,0.95,343.582,0.6327108247778622,0.5903510510280398,-0.0346342033774135,0.8663000000000001,0.8821999999999999,-0.0158999999999998,-0.0180231240081611,-0.2495734540323759,0.828,1.0,0.772,0.982,0.998,0.806,0.788,0.98,0.796,0.99,0.782,0.812,0.784,0.822,0.89,0.786,0.936,0.95,0.986,0.956,0.04943820169170564,Numbered Steps
mistralai_Mistral-7B-Instruct-v0.3_disguised-OpenGVLab_InternVL3-8B_responses-500,OpenGVLab/InternVL3-8B,embedding_clustering,mistralai/Mistral-7B-Instruct-v0.3,0.788,0.998,0.68,0.974,0.998,0.796,0.724,0.982,0.782,0.986,0.646,0.68,0.642,0.742,0.922,0.72,0.904,0.97,0.988,0.952,305.048,0.6601056698548575,0.6241678370273264,-0.0279830056720371,0.8437000000000001,0.8351000000000001,0.0086,0.0102981678840858,-0.2209771701002249,0.838,0.998,0.7,0.974,1.0,0.82,0.75,0.994,0.778,0.984,0.664,0.706,0.528,0.724,0.688,0.732,0.92,0.976,0.988,0.94,0.3401162741262171,Numbered Steps
OpenGVLab_InternVL3-8B_disguised-OpenGVLab_InternVL3-8B_responses-500,OpenGVLab/InternVL3-8B,embedding_clustering,OpenGVLab/InternVL3-8B,0.87,1.0,0.738,0.982,0.996,0.758,0.746,0.98,0.786,0.99,0.804,0.84,0.826,0.87,0.946,0.794,0.886,0.974,0.984,0.966,559.578,0.5174700155468447,0.0007472435812852,-0.997116099210812,0.8868,1.0,-0.1131999999999999,-0.1131999999999999,0.1479001723635775,1.0,1.0,1.0,1.0,1.0,1.0,1.0,1.0,1.0,1.0,1.0,1.0,1.0,1.0,1.0,1.0,1.0,1.0,1.0,1.0,0.0,Blockquotes
