Cluster,Prompt,Response
0,"""What is an example of a very large book (>1500 pages) on a very specific subject related to history (ex: the layout of the first fortifications of Kaunas or the influence of Persian cuisine on Tibetan politics)?","One example of a very large book that fits your criteria is ""A History of the World in 100 Objects"" by Neil MacGregor. While this book is not more than 1500 pages, it is a comprehensive examination of history through the lens of specific artifacts from the British Museum, detailing the significance of these objects in relation to various cultures and historical events. 

For a genuinely very large book of over 1500 pages focused on a specific subject in history, you might consider ""The Cambridge History of China"" series, which is extensively detailed and covers a range of specific topics related to Chinese history. Each volume often exceeds 1000 pages, and the entire series collectively encompasses a vast number of pages dedicated to specific aspects of Chinese history.

If you're looking for something with an even narrower focus and extensive length, ""The Complete History of the Civil War"" by John Stokes is another potential option worth exploring—though confirming its page count over 1500 would be necessary. 

For something truly specialized and extremely detailed, you may want to look at the two-volume work ""The Rise and Fall of the Great Powers"" by Paul Kennedy, which investigates economic and military changes over several centuries, although it may not precisely fit the 1500-page criterion separately but could in combination. 

Nonetheless, finding a specific single book over 1500 pages on a niche historical subject can be quite challenging, as most large works are daily comprehensive history subcategories or extensive thematic overviews. Comprehensive academic dissertations or compilations may also meet this length, albeit often as a collection rather than a single volume."
0,"""how to get famous on instagram quickly"",""whats the most trending hashtags"",""am i allowed to post digital art pictures on instagram?","Here are some tips to help you get famous on Instagram quickly, along with information on trending hashtags and the posting of digital art:

### How to Get Famous on Instagram Quickly:
1. **Identify Your Niche**: Focus on a specific area (fashion, travel, art, fitness) to attract a targeted audience.
2. **Create High-Quality Content**: Use high-resolution images and videos. Consider your aesthetics, layout, and overall feed appearance.
3. **Post Consistently**: Develop a posting schedule (daily or a few times a week) to keep your audience engaged.
4. **Engage with Your Audience**: Respond to comments, DMs, and engage with your followers on their posts. Building a community is key.
5. **Utilize Instagram Stories**: Regularly post stories to keep your profile active and connect with your audience in a more casual way.
6. **Collaborate with Influencers**: Partnering with influencers in your niche can expose you to their audience.
7. **Use Trending Hashtags**: Research and use relevant hashtags to increase your post visibility. Consider tools that can help you discover trending hashtags.
8. **Run Contests or Giveaways**: Encourage user participation and sharing to increase your follower count.
9. **Analyze and Adapt**: Use Instagram Insights to track what works and adjust your strategy accordingly.

### Trending Hashtags:
Trending hashtags can vary frequently based on current events, trends, and popular culture. Some general popular hashtags include:
- #InstaGood
- #PhotoOfTheDay
- #InstaDaily
- #Love
- #Fashion
Research hashtags related to your niche and combine them with popular and trending ones to maximize your reach.

### Posting Digital Art on Instagram:
Yes, you are allowed to post digital art pictures on Instagram! In fact, Instagram is a great platform for showcasing art. Here are a few tips for posting digital art:
- Use relevant hashtags such as #DigitalArt, #Art, #Illustration, and niche-specific tags.
- Consider sharing your creative process (like step-by-step videos or time-lapses) in stories to engage your audience.
- Connect with other artists and art communities on the platform for more exposure and feedback.

Remember to respect copyright laws and only post your original work or properly credited pieces. Happy posting!"
1,"""What were the Indonesian September 2019 protests about?","The Indonesian September 2019 protests were primarily sparked by widespread discontent with the government, including issues related to corruption, environmental concerns, and perceived erosion of democratic freedoms. A key catalyst for the protests was the Indonesian parliament's plan to pass a controversial bill that aimed to strengthen the role of law enforcement, which critics feared would undermine civil liberties and reduce democratic accountability.

Additionally, the protests were fueled by frustrations regarding the government’s handling of various issues, such as the environment, human rights violations, and economic inequality. The protests were marked by significant youth participation and were part of a broader wave of demonstrations across the country, demanding greater transparency and accountability from the government. 

The protests also coincided with issues surrounding Papua, where there were ongoing tensions and calls for greater autonomy and recognition of rights for the indigenous population. The protest movements reflected a broader desire for reform and an expression of various social grievances among Indonesia's diverse population."
1,"""Here""","It seems like you mentioned ""Here."" Can you please clarify what you would like to discuss or inquire about regarding that term?"
2,""" Create 10 sentences that end with banana. ""","Sure! Here are ten sentences that end with the word ""banana"":

1. After searching the entire kitchen, I finally found a ripe banana.
2. My favorite smoothie recipe always includes a frozen banana.
3. For dessert, I decided to make a delicious bread with a mashed banana.
4. At the grocery store, I couldn't resist buying a bunch of fresh banana.
5. When I pack my lunch, I always add a healthy snack like a banana.
6. After the long hike, all I wanted was a refreshing banana.
7. The monkey at the zoo excitedly grabbed the dangling banana.
8. To keep my energy up during the workout, I brought along a banana.
9. On my breakfast plate, I like to slice up a sweet banana.
10. The children in the class giggled as they learned about the different ways to eat a banana."
2,"""What is Reiman hypothesis?","The Riemann Hypothesis is a conjecture in number theory, specifically concerning the distribution of the zeros of the Riemann zeta function, which is a complex function defined for complex numbers. The Riemann zeta function is denoted as ζ(s) and is defined as:

\[
ζ(s) = \sum_{n=1}^{\infty} \frac{1}{n^s}
\]

for complex numbers \( s \) with a real part greater than 1, and it can be analytically continued to other values of \( s \), except for \( s = 1 \) where it has a simple pole.

The Riemann Hypothesis posits that all non-trivial zeros of the Riemann zeta function (i.e., the values of \( s \) for which \( ζ(s) = 0 \)) have a real part equal to \( \frac{1}{2} \). In other words, it suggests that if \( s = \sigma + it \) (where \( \sigma \) and \( t \) are real numbers), then any non-trivial zero must lie in the ""critical line"" where \( \sigma = \frac{1}{2} \).

The significance of the Riemann Hypothesis lies in its deep implications for number theory, particularly in understanding the distribution of prime numbers. It is one of the seven ""Millennium Prize Problems,"" and a correct proof or disproof of the hypothesis would have profound consequences in mathematics. Despite extensive numerical evidence supporting the hypothesis, it has not yet been proven or disproven."
3,"""What's a good Free Cash Flow conversion rate?","A good Free Cash Flow (FCF) conversion rate typically falls within the range of 60% to 100%. This metric measures how efficiently a company converts its net income into free cash flow, which is an important indicator of financial health and operational efficiency.

- **Above 100%**: This suggests that a company is generating more free cash flow than its net income, which could indicate strong operational efficiency, effective cost management, or good working capital management.
  
- **60% to 100%**: This range is often considered healthy for many firms, suggesting that the company can convert a significant portion of its earnings into cash.

- **Below 60%**: This may raise concerns as it suggests that the company is not converting enough of its net income into cash, which could be due to high capital expenditures, increased working capital needs, or other operational issues.

It's important to consider industry norms and specific company factors, as some industries have inherently different cash flow characteristics."
3,"""what is touhou project""","The Touhou Project is a series of Japanese bullet hell shooter games created by the dōjin (independent) developer ZUN, a member of the group Team Shanghai Alice. The first game, ""Touhou Koumakyou: The Embodiment of Scarlet Devil,"" was released in 1996, and the series has since grown to include numerous sequels, spin-offs, music albums, and official manga.

The games are set in a fictional universe known as Gensokyo, a secluded area populated by humans, youkai (supernatural creatures from Japanese folklore), and other fantastical beings. Players typically take on the role of a character who fights through waves of enemies and patterns of bullets, culminating in challenging boss battles.

The Touhou Project has gained a significant following both in Japan and internationally, leading to a rich fan culture that includes fan art, music remixes, fan games, and conventions. The series is notable for its intricate gameplay mechanics, unique characters, and an extensive lore that fans continue to expand upon."
4,"""I have the following lines of code:\n\nwith torch.enable_grad():\ny = torch.randn(B, K, N, T,\n2, device=pred.device)\ny = torch.nn.Parameter(y.detach(), requires_grad=True)\nprint(y.requires_grad, y.mean())\n\nI run this once separate from everything else, and the output of the print is \""True tensor(0.0012, device='cuda:0', grad_fn=)\"". This is what I would expect, because y requires the gradient and thus it has a grad_fn. However, if I run the same lines of code within a large codebase hidden deeply in a complicated architecture, the result is \""True tensor(-0.0005, device='cuda:0')\"". What could be a reason that there is no grad_fn in the second case?","The behavior you're observing, where the `y` tensor has no `grad_fn` in the second case despite being created as a `torch.nn.Parameter` with `requires_grad=True`, can be attributed to a few potential reasons. Here are some possible explanations:

1. **Detachment or In-Place Operations**: In the larger codebase, if there are any operations that inadvertently detach `y` from the computation graph (e.g., using `.detach()`), or if `y` is manipulated in a way that unlinks it from the gradient tracking, it won't have a `grad_fn`. Check to ensure there's no operation modifying `y` before you check its `grad_fn`.

2. **Parameter Initialization**: If you're inadvertently creating `y` in such a way that it's initialized as a normal tensor with no gradients, rather than as a `torch.nn.Parameter`, it would behave differently. Ensure that `y` is defined as a `torch.nn.Parameter` right after its creation.

3. **Tensor Scope**: If `y` is getting replaced or modified within a more complex architecture before you're checking its properties, it might not be what you expect. Debug by printing types and properties of `y` throughout its lifecycle.

4. **Different Contexts or Backward Calls**: If there's any part of the large codebase that performs a backward pass or utilizes gradients, make sure that the context in which you're running your code matches the expectations of how gradients are tracked. Sometimes, it may lead to unexpected behaviors if parts of the network affect how tensors track gradients.

5. **Gradient Tracking States**: Confirm that no gradient tracking is being affected by other parts of the code using `torch.no_grad()` or similar context managers, which would affect gradient states of tensors.

6. **Potential `grad` Modifications**: If elsewhere in the code, modifying `y.grad` or potentially manipulating `y` while ignoring its gradient properties, make sure that those areas maintain proper gradient flow as intended.

To diagnose this further, you might want to:
- Print out `y` at various stages of the code execution to see where the properties change.
- Use `torch.autograd.set_detect_anomaly(True)` to catch possible issues with gradient computation.

By analyzing these areas, you should be able to pinpoint why the second run does not yield a `grad_fn` as expected."
4,"""what is the best qigong exercies""","There are many different styles and forms of Qigong, each with its own exercises and benefits. The ""best"" Qigong exercise can vary depending on individual needs and goals. Here are a few popular Qigong exercises that are often recommended:

1. **Ba Duan Jin (Eight Brocade Qigong)**: This is a set of eight movements designed to improve flexibility, balance, and overall health. Each movement focuses on specific areas of the body and promotes the flow of Qi (life energy).

2. **Zhan Zhuang (Standing Meditation)**: This is a form of meditation that involves standing still in specific postures. It helps develop balance, strength, and mental focus while cultivating Qi.

3. **Wu Qin Xi (Five Animal Play)**: This Qigong form mimics the movements and postures of five animals—tiger, deer, bear, monkey, and bird—promoting physical vitality and emotional health.

4. **Shibashi (18 Movement Tai Chi Qigong)**: This is a series of 18 flowing movements combined with deep breathing. It is suitable for all ages and helps to relieve stress, improve flexibility, and enhance overall well-being.

5. **Lian Gong (Correcting Qigong)**: A series focused on stretching and maintaining joint health. It is especially beneficial for those looking to improve their physical condition and mobility.

When starting Qigong, it's important to practice regularly and focus on proper technique. If you're unsure where to start, consider joining a class or finding a qualified instructor to guide you. Always listen to your body and consult with a healthcare professional before starting any new exercise routine, especially if you have pre-existing health conditions."
